{"table":"[dbo].[seat_status]","format":"ArrayV1"}
{"0":["a1        ","sold",147,null]}
{"1":["a1        ","free",200,null]}
{"2":["a1        ","free",258,null]}
{"3":["a1        ","free",1023,null]}
{"4":["a1        ","free",1478,null]}
{"5":["a1        ","free",67,null]}
{"6":["a1        ","free",3456,null]}
{"7":["a1        ","free",1232,null]}
{"8":["a1        ","sold",1234555444,null]}
{"9":["a1        ","free",1001,null]}
{"10":["a1        ","free",1002,null]}
{"11":["a1        ","free",1003,null]}
{"12":["a1        ","free",1004,null]}
{"13":["a1        ","free",1005,null]}
{"14":["a1        ","free",1006,null]}
{"15":["a1        ","free",1007,null]}
{"16":["a1        ","free",1008,null]}
{"17":["a1        ","free",1010,null]}
{"18":["a1        ","free",1011,null]}
{"19":["a1        ","free",10112,null]}
{"20":["a1        ","free",101113,null]}
{"21":["a1        ","free",1014,null]}
{"22":["a1        ","free",1015,null]}
{"23":["a1        ","free",1016,null]}
{"24":["a1        ","free",1017,null]}
{"25":["a1        ","free",1018,null]}
{"26":["a1        ","free",1019,null]}
{"27":["a1        ","free",1020,null]}
{"28":["a1        ","free",1021,null]}
{"29":["a1        ","free",2001,null]}
{"30":["a1        ","free",20012,null]}
{"31":["a1        ","free",20013,null]}
{"32":["a1        ","free",20014,null]}
{"33":["a1        ","free",20015,null]}
{"34":["a1        ","free",20016,null]}
{"35":["a1        ","free",20019,null]}
{"36":["a1        ","free",20020,null]}
{"37":["a2        ","free",101,null]}
{"38":["a2        ","free",3456,null]}
{"39":["a2        ","free",1232,null]}
{"40":["a2        ","free",1234555444,null]}
{"41":["a2        ","free",1001,null]}
{"42":["a2        ","free",1002,null]}
{"43":["a2        ","free",1003,null]}
{"44":["a2        ","free",1004,null]}
{"45":["a2        ","free",1005,null]}
{"46":["a2        ","free",1006,null]}
{"47":["a2        ","free",1007,null]}
{"48":["a2        ","free",1008,null]}
{"49":["a2        ","free",1010,null]}
{"50":["a2        ","free",1011,null]}
{"51":["a2        ","free",10112,null]}
{"52":["a2        ","free",101113,null]}
{"53":["a2        ","free",1014,null]}
{"54":["a2        ","free",1015,null]}
{"55":["a2        ","free",1016,null]}
{"56":["a2        ","free",1017,null]}
{"57":["a2        ","free",1018,null]}
{"58":["a2        ","free",1019,null]}
{"59":["a2        ","free",1020,null]}
{"60":["a2        ","free",1021,null]}
{"61":["a2        ","free",2001,null]}
{"62":["a2        ","free",20012,null]}
{"63":["a2        ","free",20013,null]}
{"64":["a2        ","free",20014,null]}
{"65":["a2        ","free",20015,null]}
{"66":["a2        ","free",20016,null]}
{"67":["a2        ","free",20019,null]}
{"68":["a2        ","free",20020,null]}
{"69":["a3        ","free",3456,null]}
{"70":["a3        ","free",1232,null]}
{"71":["a3        ","free",1234555444,null]}
{"72":["a3        ","free",1001,null]}
{"73":["a3        ","free",1002,null]}
{"74":["a3        ","free",1003,null]}
{"75":["a3        ","free",1004,null]}
{"76":["a3        ","free",1005,null]}
{"77":["a3        ","free",1006,null]}
{"78":["a3        ","free",1007,null]}
{"79":["a3        ","free",1008,null]}
{"80":["a3        ","free",1010,null]}
{"81":["a3        ","free",1011,null]}
{"82":["a3        ","free",10112,null]}
{"83":["a3        ","free",101113,null]}
{"84":["a3        ","free",1014,null]}
{"85":["a3        ","free",1015,null]}
{"86":["a3        ","free",1016,null]}
{"87":["a3        ","free",1017,null]}
{"88":["a3        ","free",1018,null]}
{"89":["a3        ","free",1019,null]}
{"90":["a3        ","free",1020,null]}
{"91":["a3        ","free",1021,null]}
{"92":["a3        ","free",2001,null]}
{"93":["a3        ","free",20012,null]}
{"94":["a3        ","free",20013,null]}
{"95":["a3        ","free",20014,null]}
{"96":["a3        ","free",20015,null]}
{"97":["a3        ","free",20016,null]}
{"98":["a3        ","free",20019,null]}
{"99":["a3        ","free",20020,null]}
{"100":["a4        ","free",3456,null]}
{"101":["a4        ","free",1232,null]}
{"102":["a4        ","free",1234555444,null]}
{"103":["a4        ","free",1001,null]}
{"104":["a4        ","free",1002,null]}
{"105":["a4        ","free",1003,null]}
{"106":["a4        ","free",1004,null]}
{"107":["a4        ","free",1005,null]}
{"108":["a4        ","free",1006,null]}
{"109":["a4        ","free",1007,null]}
{"110":["a4        ","free",1008,null]}
{"111":["a4        ","free",1010,null]}
{"112":["a4        ","free",1011,null]}
{"113":["a4        ","free",10112,null]}
{"114":["a4        ","free",101113,null]}
{"115":["a4        ","free",1014,null]}
{"116":["a4        ","free",1015,null]}
{"117":["a4        ","free",1016,null]}
{"118":["a4        ","free",1017,null]}
{"119":["a4        ","free",1018,null]}
{"120":["a4        ","free",1019,null]}
{"121":["a4        ","free",1020,null]}
{"122":["a4        ","free",1021,null]}
{"123":["a4        ","free",2001,null]}
{"124":["a4        ","free",20012,null]}
{"125":["a4        ","free",20013,null]}
{"126":["a4        ","free",20014,null]}
{"127":["a4        ","free",20015,null]}
{"128":["a4        ","free",20016,null]}
{"129":["a4        ","free",20019,null]}
{"130":["a4        ","free",20020,null]}
{"131":["b1        ","free",3456,null]}
{"132":["b1        ","free",1232,null]}
{"133":["b1        ","sold",1234555444,null]}
{"134":["b1        ","free",1001,null]}
{"135":["b1        ","free",1002,null]}
{"136":["b1        ","free",1003,null]}
{"137":["b1        ","free",1004,null]}
{"138":["b1        ","free",1005,null]}
{"139":["b1        ","free",1006,null]}
{"140":["b1        ","free",1007,null]}
{"141":["b1        ","free",1008,null]}
{"142":["b1        ","free",1010,null]}
{"143":["b1        ","free",1011,null]}
{"144":["b1        ","free",10112,null]}
{"145":["b1        ","free",101113,null]}
{"146":["b1        ","free",1014,null]}
{"147":["b1        ","free",1015,null]}
{"148":["b1        ","free",1016,null]}
{"149":["b1        ","free",1017,null]}
{"150":["b1        ","free",1018,null]}
{"151":["b1        ","free",1019,null]}
{"152":["b1        ","free",1020,null]}
{"153":["b1        ","free",1021,null]}
{"154":["b1        ","free",2001,null]}
{"155":["b1        ","free",20012,null]}
{"156":["b1        ","free",20013,null]}
{"157":["b1        ","free",20014,null]}
{"158":["b1        ","free",20015,null]}
{"159":["b1        ","free",20016,null]}
{"160":["b1        ","free",20019,null]}
{"161":["b1        ","free",20020,null]}
{"162":["b2        ","free",3456,null]}
{"163":["b2        ","free",1232,null]}
{"164":["b2        ","free",1234555444,null]}
{"165":["b2        ","free",1001,null]}
{"166":["b2        ","free",1002,null]}
{"167":["b2        ","free",1003,null]}
{"168":["b2        ","free",1004,null]}
{"169":["b2        ","free",1005,null]}
{"170":["b2        ","free",1006,null]}
{"171":["b2        ","free",1007,null]}
{"172":["b2        ","free",1008,null]}
{"173":["b2        ","free",1010,null]}
{"174":["b2        ","free",1011,null]}
{"175":["b2        ","free",10112,null]}
{"176":["b2        ","free",101113,null]}
{"177":["b2        ","free",1014,null]}
{"178":["b2        ","free",1015,null]}
{"179":["b2        ","free",1016,null]}
{"180":["b2        ","free",1017,null]}
{"181":["b2        ","free",1018,null]}
{"182":["b2        ","free",1019,null]}
{"183":["b2        ","free",1020,null]}
{"184":["b2        ","free",1021,null]}
{"185":["b2        ","free",2001,null]}
{"186":["b2        ","free",20012,null]}
{"187":["b2        ","free",20013,null]}
{"188":["b2        ","free",20014,null]}
{"189":["b2        ","free",20015,null]}
{"190":["b2        ","free",20016,null]}
{"191":["b2        ","free",20019,null]}
{"192":["b2        ","free",20020,null]}
{"193":["b3        ","free",3456,null]}
{"194":["b3        ","free",1232,null]}
{"195":["b3        ","free",1234555444,null]}
{"196":["b3        ","free",1001,null]}
{"197":["b3        ","free",1002,null]}
{"198":["b3        ","free",1003,null]}
{"199":["b3        ","free",1004,null]}
{"200":["b3        ","free",1005,null]}
{"201":["b3        ","free",1006,null]}
{"202":["b3        ","free",1007,null]}
{"203":["b3        ","free",1008,null]}
{"204":["b3        ","free",1010,null]}
{"205":["b3        ","free",1011,null]}
{"206":["b3        ","free",10112,null]}
{"207":["b3        ","free",101113,null]}
{"208":["b3        ","free",1014,null]}
{"209":["b3        ","free",1015,null]}
{"210":["b3        ","free",1016,null]}
{"211":["b3        ","free",1017,null]}
{"212":["b3        ","free",1018,null]}
{"213":["b3        ","free",1019,null]}
{"214":["b3        ","free",1020,null]}
{"215":["b3        ","free",1021,null]}
{"216":["b3        ","free",2001,null]}
{"217":["b3        ","free",20012,null]}
{"218":["b3        ","free",20013,null]}
{"219":["b3        ","free",20014,null]}
{"220":["b3        ","free",20015,null]}
{"221":["b3        ","free",20016,null]}
{"222":["b3        ","free",20019,null]}
{"223":["b3        ","free",20020,null]}
{"224":["b4        ","free",3456,null]}
{"225":["b4        ","free",1232,null]}
{"226":["b4        ","free",1234555444,null]}
{"227":["b4        ","free",1001,null]}
{"228":["b4        ","free",1002,null]}
{"229":["b4        ","free",1003,null]}
{"230":["b4        ","free",1004,null]}
{"231":["b4        ","free",1005,null]}
{"232":["b4        ","free",1006,null]}
{"233":["b4        ","free",1007,null]}
{"234":["b4        ","free",1008,null]}
{"235":["b4        ","free",1010,null]}
{"236":["b4        ","free",1011,null]}
{"237":["b4        ","free",10112,null]}
{"238":["b4        ","free",101113,null]}
{"239":["b4        ","free",1014,null]}
{"240":["b4        ","free",1015,null]}
{"241":["b4        ","free",1016,null]}
{"242":["b4        ","free",1017,null]}
{"243":["b4        ","free",1018,null]}
{"244":["b4        ","free",1019,null]}
{"245":["b4        ","free",1020,null]}
{"246":["b4        ","free",1021,null]}
{"247":["b4        ","free",2001,null]}
{"248":["b4        ","free",20012,null]}
{"249":["b4        ","free",20013,null]}
{"250":["b4        ","free",20014,null]}
{"251":["b4        ","free",20015,null]}
{"252":["b4        ","free",20016,null]}
{"253":["b4        ","free",20019,null]}
{"254":["b4        ","free",20020,null]}
{"255":["c1        ","free",3456,null]}
{"256":["c1        ","free",1232,null]}
{"257":["c1        ","sold",1234555444,null]}
{"258":["c1        ","free",1001,null]}
{"259":["c1        ","free",1002,null]}
{"260":["c1        ","free",1003,null]}
{"261":["c1        ","booked",1004,null]}
{"262":["c1        ","free",1005,null]}
{"263":["c1        ","free",1006,null]}
{"264":["c1        ","free",1007,null]}
{"265":["c1        ","free",1008,null]}
{"266":["c1        ","free",1010,null]}
{"267":["c1        ","free",1011,null]}
{"268":["c1        ","free",10112,null]}
{"269":["c1        ","free",101113,null]}
{"270":["c1        ","free",1014,null]}
{"271":["c1        ","free",1015,null]}
{"272":["c1        ","free",1016,null]}
{"273":["c1        ","free",1017,null]}
{"274":["c1        ","free",1018,null]}
{"275":["c1        ","free",1019,null]}
{"276":["c1        ","free",1020,null]}
{"277":["c1        ","free",1021,null]}
{"278":["c1        ","free",2001,null]}
{"279":["c1        ","free",20012,null]}
{"280":["c1        ","free",20013,null]}
{"281":["c1        ","free",20014,null]}
{"282":["c1        ","free",20015,null]}
{"283":["c1        ","free",20016,null]}
{"284":["c1        ","free",20019,null]}
{"285":["c1        ","free",20020,null]}
{"286":["c2        ","free",3456,null]}
{"287":["c2        ","free",1232,null]}
{"288":["c2        ","sold",1234555444,null]}
{"289":["c2        ","free",1001,null]}
{"290":["c2        ","free",1002,null]}
{"291":["c2        ","free",1003,null]}
{"292":["c2        ","free",1004,null]}
{"293":["c2        ","free",1005,null]}
{"294":["c2        ","free",1006,null]}
{"295":["c2        ","free",1007,null]}
{"296":["c2        ","free",1008,null]}
{"297":["c2        ","free",1010,null]}
{"298":["c2        ","free",1011,null]}
{"299":["c2        ","free",10112,null]}
{"300":["c2        ","free",101113,null]}
{"301":["c2        ","free",1014,null]}
{"302":["c2        ","free",1015,null]}
{"303":["c2        ","free",1016,null]}
{"304":["c2        ","free",1017,null]}
{"305":["c2        ","free",1018,null]}
{"306":["c2        ","free",1019,null]}
{"307":["c2        ","free",1020,null]}
{"308":["c2        ","free",1021,null]}
{"309":["c2        ","free",2001,null]}
{"310":["c2        ","free",20012,null]}
{"311":["c2        ","free",20013,null]}
{"312":["c2        ","free",20014,null]}
{"313":["c2        ","free",20015,null]}
{"314":["c2        ","free",20016,null]}
{"315":["c2        ","free",20019,null]}
{"316":["c2        ","free",20020,null]}
{"317":["c3        ","free",3456,null]}
{"318":["c3        ","free",1232,null]}
{"319":["c3        ","sold",1234555444,null]}
{"320":["c3        ","free",1001,null]}
{"321":["c3        ","free",1002,null]}
{"322":["c3        ","free",1003,null]}
{"323":["c3        ","free",1004,null]}
{"324":["c3        ","free",1005,null]}
{"325":["c3        ","free",1006,null]}
{"326":["c3        ","free",1007,null]}
{"327":["c3        ","free",1008,null]}
{"328":["c3        ","free",1010,null]}
{"329":["c3        ","free",1011,null]}
{"330":["c3        ","free",10112,null]}
{"331":["c3        ","free",101113,null]}
{"332":["c3        ","free",1014,null]}
{"333":["c3        ","free",1015,null]}
{"334":["c3        ","free",1016,null]}
{"335":["c3        ","free",1017,null]}
{"336":["c3        ","free",1018,null]}
{"337":["c3        ","free",1019,null]}
{"338":["c3        ","free",1020,null]}
{"339":["c3        ","free",1021,null]}
{"340":["c3        ","free",2001,null]}
{"341":["c3        ","free",20012,null]}
{"342":["c3        ","free",20013,null]}
{"343":["c3        ","free",20014,null]}
{"344":["c3        ","free",20015,null]}
{"345":["c3        ","free",20016,null]}
{"346":["c3        ","free",20019,null]}
{"347":["c3        ","free",20020,null]}
{"348":["c4        ","free",3456,null]}
{"349":["c4        ","free",1232,null]}
{"350":["c4        ","free",1234555444,null]}
{"351":["c4        ","free",1001,null]}
{"352":["c4        ","free",1002,null]}
{"353":["c4        ","free",1003,null]}
{"354":["c4        ","free",1004,null]}
{"355":["c4        ","free",1005,null]}
{"356":["c4        ","free",1006,null]}
{"357":["c4        ","free",1007,null]}
{"358":["c4        ","free",1008,null]}
{"359":["c4        ","free",1010,null]}
{"360":["c4        ","free",1011,null]}
{"361":["c4        ","free",10112,null]}
{"362":["c4        ","free",101113,null]}
{"363":["c4        ","free",1014,null]}
{"364":["c4        ","free",1015,null]}
{"365":["c4        ","free",1016,null]}
{"366":["c4        ","free",1017,null]}
{"367":["c4        ","free",1018,null]}
{"368":["c4        ","free",1019,null]}
{"369":["c4        ","free",1020,null]}
{"370":["c4        ","free",1021,null]}
{"371":["c4        ","free",2001,null]}
{"372":["c4        ","free",20012,null]}
{"373":["c4        ","free",20013,null]}
{"374":["c4        ","free",20014,null]}
{"375":["c4        ","free",20015,null]}
{"376":["c4        ","free",20016,null]}
{"377":["c4        ","free",20019,null]}
{"378":["c4        ","free",20020,null]}
{"379":["d1        ","free",3456,null]}
{"380":["d1        ","free",1232,null]}
{"381":["d1        ","sold",1234555444,null]}
{"382":["d1        ","free",1001,null]}
{"383":["d1        ","free",1002,null]}
{"384":["d1        ","free",1003,null]}
{"385":["d1        ","booked",1004,null]}
{"386":["d1        ","booked",1005,null]}
{"387":["d1        ","free",1006,null]}
{"388":["d1        ","free",1007,null]}
{"389":["d1        ","free",1008,null]}
{"390":["d1        ","free",1010,null]}
{"391":["d1        ","free",1011,null]}
{"392":["d1        ","free",10112,null]}
{"393":["d1        ","free",101113,null]}
{"394":["d1        ","free",1014,null]}
{"395":["d1        ","free",1015,null]}
{"396":["d1        ","free",1016,null]}
{"397":["d1        ","free",1017,null]}
{"398":["d1        ","free",1018,null]}
{"399":["d1        ","free",1019,null]}
{"400":["d1        ","free",1020,null]}
{"401":["d1        ","free",1021,null]}
{"402":["d1        ","free",2001,null]}
{"403":["d1        ","free",20012,null]}
{"404":["d1        ","free",20013,null]}
{"405":["d1        ","free",20014,null]}
{"406":["d1        ","free",20015,null]}
{"407":["d1        ","free",20016,null]}
{"408":["d1        ","free",20019,null]}
{"409":["d1        ","free",20020,null]}
{"410":["d2        ","free",3456,null]}
{"411":["d2        ","free",1232,null]}
{"412":["d2        ","sold",1234555444,null]}
{"413":["d2        ","free",1001,null]}
{"414":["d2        ","free",1002,null]}
{"415":["d2        ","free",1003,null]}
{"416":["d2        ","booked",1004,null]}
{"417":["d2        ","booked",1005,null]}
{"418":["d2        ","booked",1006,null]}
{"419":["d2        ","free",1007,null]}
{"420":["d2        ","free",1008,null]}
{"421":["d2        ","free",1010,null]}
{"422":["d2        ","free",1011,null]}
{"423":["d2        ","free",10112,null]}
{"424":["d2        ","free",101113,null]}
{"425":["d2        ","free",1014,null]}
{"426":["d2        ","free",1015,null]}
{"427":["d2        ","free",1016,null]}
{"428":["d2        ","free",1017,null]}
{"429":["d2        ","free",1018,null]}
{"430":["d2        ","free",1019,null]}
{"431":["d2        ","free",1020,null]}
{"432":["d2        ","free",1021,null]}
{"433":["d2        ","free",2001,null]}
{"434":["d2        ","free",20012,null]}
{"435":["d2        ","free",20013,null]}
{"436":["d2        ","free",20014,null]}
{"437":["d2        ","free",20015,null]}
{"438":["d2        ","free",20016,null]}
{"439":["d2        ","free",20019,null]}
{"440":["d2        ","free",20020,null]}
{"441":["d3        ","free",3456,null]}
{"442":["d3        ","free",1232,null]}
{"443":["d3        ","sold",1234555444,null]}
{"444":["d3        ","free",1001,null]}
{"445":["d3        ","free",1002,null]}
{"446":["d3        ","free",1003,null]}
{"447":["d3        ","sold",1004,null]}
{"448":["d3        ","free",1005,null]}
{"449":["d3        ","free",1006,null]}
{"450":["d3        ","free",1007,null]}
{"451":["d3        ","free",1008,null]}
{"452":["d3        ","free",1010,null]}
{"453":["d3        ","free",1011,null]}
{"454":["d3        ","free",10112,null]}
{"455":["d3        ","free",101113,null]}
{"456":["d3        ","free",1014,null]}
{"457":["d3        ","free",1015,null]}
{"458":["d3        ","free",1016,null]}
{"459":["d3        ","free",1017,null]}
{"460":["d3        ","free",1018,null]}
{"461":["d3        ","free",1019,null]}
{"462":["d3        ","free",1020,null]}
{"463":["d3        ","free",1021,null]}
{"464":["d3        ","free",2001,null]}
{"465":["d3        ","free",20012,null]}
{"466":["d3        ","free",20013,null]}
{"467":["d3        ","free",20014,null]}
{"468":["d3        ","free",20015,null]}
{"469":["d3        ","free",20016,null]}
{"470":["d3        ","free",20019,null]}
{"471":["d3        ","free",20020,null]}
{"472":["d4        ","free",3456,null]}
{"473":["d4        ","free",1232,null]}
{"474":["d4        ","sold",1234555444,null]}
{"475":["d4        ","free",1001,null]}
{"476":["d4        ","free",1002,null]}
{"477":["d4        ","free",1003,null]}
{"478":["d4        ","sold",1004,null]}
{"479":["d4        ","free",1005,null]}
{"480":["d4        ","free",1006,null]}
{"481":["d4        ","free",1007,null]}
{"482":["d4        ","free",1008,null]}
{"483":["d4        ","free",1010,null]}
{"484":["d4        ","free",1011,null]}
{"485":["d4        ","free",10112,null]}
{"486":["d4        ","free",101113,null]}
{"487":["d4        ","free",1014,null]}
{"488":["d4        ","free",1015,null]}
{"489":["d4        ","free",1016,null]}
{"490":["d4        ","free",1017,null]}
{"491":["d4        ","free",1018,null]}
{"492":["d4        ","free",1019,null]}
{"493":["d4        ","free",1020,null]}
{"494":["d4        ","free",1021,null]}
{"495":["d4        ","free",2001,null]}
{"496":["d4        ","free",20012,null]}
{"497":["d4        ","free",20013,null]}
{"498":["d4        ","free",20014,null]}
{"499":["d4        ","free",20015,null]}
