{"table":"[dbo].[seat_status]","format":"ArrayV1"}
{"500":["d4        ","free",20016,null]}
{"501":["d4        ","free",20019,null]}
{"502":["d4        ","free",20020,null]}
{"503":["e1        ","free",3456,null]}
{"504":["e1        ","free",1232,null]}
{"505":["e1        ","sold",1234555444,null]}
{"506":["e1        ","free",1001,null]}
{"507":["e1        ","free",1002,null]}
{"508":["e1        ","free",1003,null]}
{"509":["e1        ","booked",1004,null]}
{"510":["e1        ","booked",1005,null]}
{"511":["e1        ","booked",1006,null]}
{"512":["e1        ","free",1007,null]}
{"513":["e1        ","free",1008,null]}
{"514":["e1        ","free",1010,null]}
{"515":["e1        ","free",1011,null]}
{"516":["e1        ","free",10112,null]}
{"517":["e1        ","free",101113,null]}
{"518":["e1        ","free",1014,null]}
{"519":["e1        ","free",1015,null]}
{"520":["e1        ","free",1016,null]}
{"521":["e1        ","free",1017,null]}
{"522":["e1        ","free",1018,null]}
{"523":["e1        ","free",1019,null]}
{"524":["e1        ","free",1020,null]}
{"525":["e1        ","free",1021,null]}
{"526":["e1        ","free",2001,null]}
{"527":["e1        ","free",20012,null]}
{"528":["e1        ","free",20013,null]}
{"529":["e1        ","free",20014,null]}
{"530":["e1        ","free",20015,null]}
{"531":["e1        ","free",20016,null]}
{"532":["e1        ","free",20019,null]}
{"533":["e1        ","free",20020,null]}
{"534":["e2        ","free",3456,null]}
{"535":["e2        ","free",1232,null]}
{"536":["e2        ","sold",1234555444,null]}
{"537":["e2        ","free",1001,null]}
{"538":["e2        ","free",1002,null]}
{"539":["e2        ","free",1003,null]}
{"540":["e2        ","booked",1004,null]}
{"541":["e2        ","booked",1005,null]}
{"542":["e2        ","booked",1006,null]}
{"543":["e2        ","free",1007,null]}
{"544":["e2        ","free",1008,null]}
{"545":["e2        ","free",1010,null]}
{"546":["e2        ","free",1011,null]}
{"547":["e2        ","free",10112,null]}
{"548":["e2        ","free",101113,null]}
{"549":["e2        ","free",1014,null]}
{"550":["e2        ","free",1015,null]}
{"551":["e2        ","free",1016,null]}
{"552":["e2        ","free",1017,null]}
{"553":["e2        ","free",1018,null]}
{"554":["e2        ","free",1019,null]}
{"555":["e2        ","free",1020,null]}
{"556":["e2        ","free",1021,null]}
{"557":["e2        ","free",2001,null]}
{"558":["e2        ","free",20012,null]}
{"559":["e2        ","free",20013,null]}
{"560":["e2        ","free",20014,null]}
{"561":["e2        ","free",20015,null]}
{"562":["e2        ","free",20016,null]}
{"563":["e2        ","free",20019,null]}
{"564":["e2        ","free",20020,null]}
{"565":["e3        ","free",3456,null]}
{"566":["e3        ","free",1232,null]}
{"567":["e3        ","sold",1234555444,null]}
{"568":["e3        ","free",1001,null]}
{"569":["e3        ","free",1002,null]}
{"570":["e3        ","free",1003,null]}
{"571":["e3        ","free",1004,null]}
{"572":["e3        ","free",1005,null]}
{"573":["e3        ","free",1006,null]}
{"574":["e3        ","free",1007,null]}
{"575":["e3        ","free",1008,null]}
{"576":["e3        ","free",1010,null]}
{"577":["e3        ","free",1011,null]}
{"578":["e3        ","free",10112,null]}
{"579":["e3        ","free",101113,null]}
{"580":["e3        ","free",1014,null]}
{"581":["e3        ","free",1015,null]}
{"582":["e3        ","free",1016,null]}
{"583":["e3        ","free",1017,null]}
{"584":["e3        ","free",1018,null]}
{"585":["e3        ","free",1019,null]}
{"586":["e3        ","free",1020,null]}
{"587":["e3        ","free",1021,null]}
{"588":["e3        ","free",2001,null]}
{"589":["e3        ","free",20012,null]}
{"590":["e3        ","free",20013,null]}
{"591":["e3        ","free",20014,null]}
{"592":["e3        ","free",20015,null]}
{"593":["e3        ","free",20016,null]}
{"594":["e3        ","free",20019,null]}
{"595":["e3        ","free",20020,null]}
{"596":["e4        ","free",3456,null]}
{"597":["e4        ","free",1232,null]}
{"598":["e4        ","sold",1234555444,null]}
{"599":["e4        ","free",1001,null]}
{"600":["e4        ","free",1002,null]}
{"601":["e4        ","free",1003,null]}
{"602":["e4        ","free",1004,null]}
{"603":["e4        ","free",1005,null]}
{"604":["e4        ","free",1006,null]}
{"605":["e4        ","free",1007,null]}
{"606":["e4        ","free",1008,null]}
{"607":["e4        ","free",1010,null]}
{"608":["e4        ","free",1011,null]}
{"609":["e4        ","free",10112,null]}
{"610":["e4        ","free",101113,null]}
{"611":["e4        ","free",1014,null]}
{"612":["e4        ","free",1015,null]}
{"613":["e4        ","free",1016,null]}
{"614":["e4        ","free",1017,null]}
{"615":["e4        ","free",1018,null]}
{"616":["e4        ","free",1019,null]}
{"617":["e4        ","free",1020,null]}
{"618":["e4        ","free",1021,null]}
{"619":["e4        ","free",2001,null]}
{"620":["e4        ","free",20012,null]}
{"621":["e4        ","free",20013,null]}
{"622":["e4        ","free",20014,null]}
{"623":["e4        ","free",20015,null]}
{"624":["e4        ","free",20016,null]}
{"625":["e4        ","free",20019,null]}
{"626":["e4        ","free",20020,null]}
{"627":["f1        ","free",3456,null]}
{"628":["f1        ","free",1232,null]}
{"629":["f1        ","free",1234555444,null]}
{"630":["f1        ","free",1001,null]}
{"631":["f1        ","free",1002,null]}
{"632":["f1        ","free",1003,null]}
{"633":["f1        ","free",1004,null]}
{"634":["f1        ","free",1005,null]}
{"635":["f1        ","free",1006,null]}
{"636":["f1        ","free",1007,null]}
{"637":["f1        ","free",1008,null]}
{"638":["f1        ","free",1010,null]}
{"639":["f1        ","free",1011,null]}
{"640":["f1        ","free",10112,null]}
{"641":["f1        ","free",101113,null]}
{"642":["f1        ","free",1014,null]}
{"643":["f1        ","free",1015,null]}
{"644":["f1        ","free",1016,null]}
{"645":["f1        ","free",1017,null]}
{"646":["f1        ","free",1018,null]}
{"647":["f1        ","free",1019,null]}
{"648":["f1        ","free",1020,null]}
{"649":["f1        ","free",1021,null]}
{"650":["f1        ","free",2001,null]}
{"651":["f1        ","free",20012,null]}
{"652":["f1        ","free",20013,null]}
{"653":["f1        ","free",20014,null]}
{"654":["f1        ","free",20015,null]}
{"655":["f1        ","free",20016,null]}
{"656":["f1        ","free",20019,null]}
{"657":["f1        ","free",20020,null]}
{"658":["f2        ","free",14589,null]}
{"659":["f2        ","free",145987,null]}
{"660":["f2        ","free",1402365,null]}
{"661":["f2        ","free",1234,null]}
{"662":["f2        ","free",1345,null]}
{"663":["f2        ","free",3456,null]}
{"664":["f2        ","free",1232,null]}
{"665":["f2        ","sold",1234555444,null]}
{"666":["f2        ","free",1001,null]}
{"667":["f2        ","free",1002,null]}
{"668":["f2        ","free",1003,null]}
{"669":["f2        ","free",1004,null]}
{"670":["f2        ","free",1005,null]}
{"671":["f2        ","free",1006,null]}
{"672":["f2        ","free",1007,null]}
{"673":["f2        ","free",1008,null]}
{"674":["f2        ","free",1010,null]}
{"675":["f2        ","free",1011,null]}
{"676":["f2        ","free",10112,null]}
{"677":["f2        ","free",101113,null]}
{"678":["f2        ","free",1014,null]}
{"679":["f2        ","free",1015,null]}
{"680":["f2        ","free",1016,null]}
{"681":["f2        ","free",1017,null]}
{"682":["f2        ","free",1018,null]}
{"683":["f2        ","free",1019,null]}
{"684":["f2        ","free",1020,null]}
{"685":["f2        ","free",1021,null]}
{"686":["f2        ","free",2001,null]}
{"687":["f2        ","free",20012,null]}
{"688":["f2        ","free",20013,null]}
{"689":["f2        ","free",20014,null]}
{"690":["f2        ","free",20015,null]}
{"691":["f2        ","free",20016,null]}
{"692":["f2        ","free",20019,null]}
{"693":["f2        ","free",20020,null]}
{"694":["f3        ","free",3456,null]}
{"695":["f3        ","free",1232,null]}
{"696":["f3        ","free",1234555444,null]}
{"697":["f3        ","free",1001,null]}
{"698":["f3        ","free",1002,null]}
{"699":["f3        ","free",1003,null]}
{"700":["f3        ","free",1004,null]}
{"701":["f3        ","free",1005,null]}
{"702":["f3        ","free",1006,null]}
{"703":["f3        ","free",1007,null]}
{"704":["f3        ","free",1008,null]}
{"705":["f3        ","free",1010,null]}
{"706":["f3        ","free",1011,null]}
{"707":["f3        ","free",10112,null]}
{"708":["f3        ","free",101113,null]}
{"709":["f3        ","free",1014,null]}
{"710":["f3        ","free",1015,null]}
{"711":["f3        ","free",1016,null]}
{"712":["f3        ","free",1017,null]}
{"713":["f3        ","free",1018,null]}
{"714":["f3        ","free",1019,null]}
{"715":["f3        ","free",1020,null]}
{"716":["f3        ","free",1021,null]}
{"717":["f3        ","free",2001,null]}
{"718":["f3        ","free",20012,null]}
{"719":["f3        ","free",20013,null]}
{"720":["f3        ","free",20014,null]}
{"721":["f3        ","free",20015,null]}
{"722":["f3        ","free",20016,null]}
{"723":["f3        ","free",20019,null]}
{"724":["f3        ","free",20020,null]}
{"725":["f4        ","free",3456,null]}
{"726":["f4        ","free",1232,null]}
{"727":["f4        ","free",1234555444,null]}
{"728":["f4        ","free",1001,null]}
{"729":["f4        ","free",1002,null]}
{"730":["f4        ","free",1003,null]}
{"731":["f4        ","free",1004,null]}
{"732":["f4        ","free",1005,null]}
{"733":["f4        ","free",1006,null]}
{"734":["f4        ","free",1007,null]}
{"735":["f4        ","free",1008,null]}
{"736":["f4        ","free",1010,null]}
{"737":["f4        ","free",1011,null]}
{"738":["f4        ","free",10112,null]}
{"739":["f4        ","free",101113,null]}
{"740":["f4        ","free",1014,null]}
{"741":["f4        ","free",1015,null]}
{"742":["f4        ","free",1016,null]}
{"743":["f4        ","free",1017,null]}
{"744":["f4        ","free",1018,null]}
{"745":["f4        ","free",1019,null]}
{"746":["f4        ","free",1020,null]}
{"747":["f4        ","free",1021,null]}
{"748":["f4        ","free",2001,null]}
{"749":["f4        ","free",20012,null]}
{"750":["f4        ","free",20013,null]}
{"751":["f4        ","free",20014,null]}
{"752":["f4        ","free",20015,null]}
{"753":["f4        ","free",20016,null]}
{"754":["f4        ","free",20019,null]}
{"755":["f4        ","free",20020,null]}
